INSEE_COM,NOM_COM,LIB_EPCI_SUB,C18_POP15P_CS1,C18_POP15P_CS2,C18_POP15P_CS3,C18_POP15P_CS4,C18_POP15P_CS5,C18_POP15P_CS6,C18_POP15P_CS7,C18_POP15P_CS8,P18_POP1564,P18_POP1524,P18_POP2554,P18_POP5564,P18_ACT1564,P18_ACT1524,P18_ACT2554,P18_ACT5564,P18_CHOM1564,P18_CHOM1524,P18_CHOM2554,P18_CHOM5564,P18_ETUD1564,P18_RETR1564,P18_SAL15P,P18_SAL15P_CDD,P18_SAL15P_INTERIM,P18_SAL15P_EMPAID,P18_SAL15P_APPR,P18_NSAL15P_INDEP,P18_NSAL15P_EMPLOY,DEC_Q119,DEC_MED19,DEC_Q319,DEC_TP6019
75101,Paris 1er Arrondissement,Paris,8.25045670770628,863.114280390827,4545.33367188707,1861.49336224481,1520.67913224442,476.786401709065,2642.88344308727,2384.74131998456,11353.9508840568,2037.68238315937,7490.31947968599,1825.94902121141,8947.20858365218,810.795991989584,6837.3700958313,1299.04249583129,952.523080881375,182.60612521836,669.110678595419,100.806277067596,1313.80860120202,330.238837885919,6243.39107088122,688.132769194131,34.1303809667549,6.23984190845077,252.056949961062,1281.81223369564,881.927460108494,20990,38120,66150,14
75102,Paris 2e Arrondissement,Paris,6.36985844257356,1107.92637383695,7450.03117962338,2932.37820877116,2081.72356930193,758.05056545824,2090.28739812853,2400.79250980039,16545.7380931523,2566.86674760788,11930.7938877523,2048.07745779204,14086.7995249993,1198.54105919934,11251.1099812502,1637.14848454969,1378.9320404618,187.240705800908,999.557198730731,192.134135930163,1459.23911566569,229.06143281645,10093.2304772575,929.52945282685,52.1635526908606,11.3323724959129,492.795725287464,1802.30918496273,1121.53060346168,18540,35670,60410,16
75103,Paris 3e Arrondissement,Paris,0,1686.77569177099,10908.847932733,4699.87354624883,3066.93289308865,839.229233728308,4476.87445118595,4450.62936637932,25188.7361717299,4167.59053403473,17477.7361513369,3543.40948635819,20716.8469132683,1664.89286139941,16233.1143511629,2818.83970070594,2064.05756096066,264.196843001582,1507.45544455329,292.405273405791,2701.36477578036,460.93476291238,14476.648824608,1538.64979067349,92.2571032346573,15.7233786157978,565.135097297166,3096.56886183872,1699.8243867253,19760,36840,61550,15
75104,Paris 4e Arrondissement,Paris,9.20028392783444,1276.87230485401,8326.79714377062,3717.9888780766,2762.88515699319,670.772199833994,4417.38404092959,4187.8708965656,20531.4015094869,3864.37904723483,13325.2138603364,3341.8086019157,16302.3182686493,1497.36220741269,12196.9985485619,2607.95751267472,1807.17590377668,233.176211349615,1289.72357790992,284.276114517145,2497.32604062752,472.546677479748,11384.9559609102,1383.24782588251,84.32990253225,29.1953164333657,595.209679989103,2298.17173485,1416.11267071169,19120,34590,59700,16
75105,Paris 5e Arrondissement,Paris,10.1883481120034,1941.21567550115,16644.6970232825,5995.50048629189,4069.78997414561,1151.61058967264,10588.1308428077,11337.3755388364,40016.6670009785,11265.42177045,22442.5268758562,6308.71835467225,28629.6131540994,3193.52537805647,20465.3234108771,4970.76436516574,2618.27236970121,476.184620409489,1762.90383906984,379.183910221878,8693.10126518663,928.728623911549,21515.8819775538,2717.57402737805,156.07700205172,43.972451742215,1384.52348861422,3754.21267421885,2038.5314012801,21890,37740,61040,13
75106,Paris 6e Arrondissement,Paris,20.1876569816557,1845.00037754482,10856.2084848691,3708.19364688855,2687.06888644698,758.424223510113,8123.93469906042,8442.96569488131,26750.1542502178,7318.3395887673,14950.1999806349,4481.61468081562,18635.5297854254,1793.50090941703,13381.217388989,3460.81148701928,1792.17383183862,245.487809253631,1234.27373983246,312.412282752531,5947.01095713811,560.83251465406,12888.3420542424,1463.43896774571,60.9590266804142,37.452584493586,636.032659735606,3013.48399554344,2272.63076577664,24180,45330,80530,12
75107,Paris 7e Arrondissement,Paris,18.3220736823157,2616.84435476998,13822.9903229012,4528.29701312615,4090.71940950466,1038.85353279435,9563.79193544342,8559.48414643722,32662.2847824719,7293.38435134582,19415.2396526513,5953.66077847471,24523.4943244888,2292.60913523036,17617.0285006317,4613.85668862668,2208.74661481997,288.862692999979,1500.42154459143,419.462377228562,5333.17694005122,774.228771887004,17253.8054191817,1762.26446938493,69.8707602997685,29.043122646719,960.306590958632,3510.82721399059,3218.39813530704,26830,50480,93560,10
75108,Paris 8e Arrondissement,Paris,12.7066349650834,1865.57015622933,10322.3078003535,3524.15597048759,3168.28070976625,995.896731158257,5211.46779927715,5874.55698411402,24774.5465659719,5381.89321858172,15340.4626662072,4052.19068118304,19114.0375905451,1735.78376790771,14210.2794157152,3167.97440692227,1572.78230638949,282.278270891445,1074.76894054951,215.735094948532,3684.96194828182,508.146640954211,13722.7131760514,1062.66578362183,108.692053603227,10.0016791701739,620.55565400439,2495.12627150886,2225.45892327331,25290,49260,88340,11
75109,Paris 9e Arrondissement,Paris,9.60216423634228,2898.71363366261,20597.7906531479,7230.97206699274,4793.07043961872,1672.36010313263,7073.9759421677,7320.1307335218,43756.2122493527,7232.48180462214,30701.9041404933,5821.82630423726,36384.912126362,2784.10946168782,29036.5906340308,4564.2120306433,3444.99852686192,355.874190346929,2680.63816038966,408.486176125339,4700.08758548708,739.880474230908,26585.2464465759,2603.27188186032,191.14040401447,52.2548023092269,1005.36929200131,4600.36616624304,2753.28110100952,21760,39640,65360,14
75110,Paris 10e Arrondissement,Paris,10.7801060823176,3057.97418109334,25949.7801573657,11849.4663873638,9014.8710661343,3397.98328386258,10440.7326044975,12033.1962979931,64870.7888389623,10198.0548048407,45794.5819522402,8878.15208188148,52739.2644012023,3925.6959793467,42298.3978291872,6515.17059266847,6415.96766889926,840.336437009975,4699.53998356927,876.091248320014,6597.28375152694,1379.44586432161,38483.816184166,4651.7139552282,316.328848435775,114.777639846272,1157.28122761886,6041.22349865192,2820.12126627212,15170,29360,48230,21
75111,Paris 11e Arrondissement,Paris,8.52526740740771,4429.33963523518,44166.3148221808,21642.6700298844,14386.058169918,4825.21074087681,21491.9441471534,17727.4448379264,106340.869734053,17072.5219208043,74189.2342646738,15079.1135485754,88126.2770682134,6922.42921428701,69813.8160553866,11390.0317985397,9780.88630033417,1242.44207391371,7185.79815482767,1352.6460715928,10505.3154986141,2456.60946941936,65991.682417083,7756.29436687366,539.334276243441,181.01089367501,2587.80926004011,10377.1934584153,3949.59267019196,16690,30540,48260,18
75112,Paris 12e Arrondissement,Paris,14.9504989678876,3312.32066107149,36553.2074245333,19236.5512841367,14452.1244417783,4740.98548333541,24307.6023970161,18484.9326738568,96445.3149628242,17252.9589519934,63498.705377754,15693.6506330768,77259.3411843381,6541.90971429482,59205.34831078,11512.0831592633,8025.51909277314,1129.66966666892,5798.07739435638,1097.77203174784,11000.2476422395,2907.49891437743,61384.7789550212,6154.54945397746,478.57536755744,220.142754190823,2282.71134267168,6249.41949806262,3186.70435284003,17170,30760,47260,18
75113,Paris 13e Arrondissement,Paris,29.4756997584656,3929.40208417889,39734.7243728888,22900.5629311692,21808.9746846617,7578.29382526973,31851.112401687,28639.054847724,124297.260886625,25876.8733984759,77062.5696577788,21357.8178303699,95000.1648109034,9344.5633211626,70240.3085240739,15415.2929656669,11961.0593524338,2115.99387974095,8077.88570136948,1767.17977132335,17131.1059821904,3875.63883965911,75340.7125009756,8696.91593597952,688.907220551461,365.457097342462,2796.550317106,6777.76527515827,3186.3230057047,14010,25590,40350,23
75114,Paris 14e Arrondissement,Paris,18.0108022880566,3068.94320654676,35909.870746838,15879.7827444447,13177.6970211659,3831.54157676119,24526.8559232274,22988.1740932038,93407.7563018291,20479.2413176527,58105.8985314068,14822.6164527696,70406.4267131762,6882.492508931,52490.5288358386,11033.4053684066,7795.00076448569,1281.57298721572,5395.1064969369,1118.32128033307,15058.2431981683,2453.54425203367,55962.4461819095,6899.38987940114,444.846133693219,190.335004801421,2594.23774584951,6054.14407839039,2752.31193197667,16580,30040,48190,19
75115,Paris 15e Arrondissement,Paris,30.1215371679487,5744.91511652656,64860.373778322,27033.7730533626,21696.165264736,6027.2482659046,40899.8813212201,34609.903498714,157934.272795144,31254.6884505384,102567.178493597,24112.4058510085,123142.742701528,10924.3182690523,94412.4981994223,17805.9262330535,11883.4882605139,1785.87035413374,8409.69830653316,1687.91959984699,21516.9725092597,4172.54838617773,99122.0191013244,9106.82048194108,639.722932277725,265.501152915673,3971.34248001042,9929.96957026825,5428.82403941231,19380,34380,54270,16
75116,Paris 16e Arrondissement,Paris,104.879961874691,8002.58514733888,40399.4342695413,15014.6680381148,13977.4302426688,3646.01992687199,30819.2753843456,30319.9760831263,105303.811167476,23234.5450456173,61994.3977835391,20074.8683383195,77441.2309218465,6045.87237168218,56044.9227859811,15350.4357641832,7384.38028452118,1086.67727860153,4955.94004619331,1341.76295972634,17763.8847599237,2472.92928145103,55635.879763726,4437.49950738455,330.743941319628,110.643392886737,2361.35161442637,9605.70192994194,9233.17268371295,22680,45100,82320,13
75117,Paris 17e Arrondissement,Paris,38.3982439713236,5930.50146515709,47087.7412804765,19926.4010986578,16297.5022207234,5365.85301519243,24178.2664598462,23484.4915256602,115634.42029316,21171.9926895188,76905.8971807022,17556.5304229387,92671.9079253762,7801.71531059231,71548.4206848253,13321.7719299586,10121.8765899068,1307.60665622527,7301.07452691706,1513.19540676451,13712.4655956512,2394.36077607904,70430.7601656487,6003.22233846275,544.103041944001,272.855176069,2974.24356645979,9097.98651224328,5865.99123363016,17550,34920,60940,18
75118,Paris 18e Arrondissement,Paris,38.0342371187078,5569.01586301162,46626.4543006772,27480.4251203212,23782.5567258009,10525.267832884,25394.80177732,27870.9654345576,141651.869687636,23197.2544550656,98633.3792331026,19821.2359994683,113334.366292569,9687.06437218541,89803.7068771224,13843.5950432614,13682.6847447907,2064.10319390379,9841.44571072237,1777.13584016456,13660.4749861733,3602.12632238639,85223.9056910089,10710.6802629663,941.536185334243,405.613041627294,2758.59512500579,12149.9201701409,4182.73955024434,12010,24130,40410,27
75119,Paris 19e Arrondissement,Paris,25.9794210310285,4631.59262022134,33952.4435356603,23791.3924693514,25044.2792736825,10104.7772467455,27875.1069166091,29490.0284536785,126771.284334252,24207.166291638,80979.5425211511,21584.575521463,97405.7745289419,9055.20485141816,73282.8475808635,15067.7220966602,15532.4936011903,2612.9384029592,10685.0667459339,2234.48845229729,15153.6566267868,3815.39157868937,72519.1177954382,9529.51985837235,826.541150048146,428.479852592198,2272.95514663971,8044.95478450021,3327.65907327127,10990,20960,35070,30
75120,Paris 20e Arrondissement,Paris,20.0178333473516,4842.08430521192,39567.9967553711,27210.9477796265,25330.627366023,10290.1906936617,30574.4794970545,28436.2776286527,135889.554008176,23243.6511361409,89138.872714166,23507.0301578694,106760.219701875,8794.87842325881,81341.3095538905,16624.031724726,15339.1472931071,2149.77159521507,10906.1762538306,2283.19944406137,14351.6722654254,4281.82749555514,80500.6191629206,10248.3784518159,1014.06863735556,400.50117828788,2499.30759402826,9748.42675247226,3182.27840540531,11630,22490,36200,28
91027,Athis-Mons,Grand-Orly Seine Biävre,13.6141534696097,795.250155670444,2486.69323399135,4274.09222816979,5790.33733123309,3599.39809392461,4979.71344716676,5173.31015858632,22407.3908998856,4255.65333038867,14708.9587446747,3442.77882482227,16960.6156605866,1626.28118659996,13095.1952088694,2239.13926511721,1521.74362634831,316.413852705544,1070.85040007244,134.479373570322,2472.87459468718,862.567787191018,14502.9452073965,1155.40539105878,331.37764459066,32.0748902363621,315.703627258671,767.046945610084,330.111932657864,12830,21180,30370,25
91326,Juvisy-sur-Orge,Grand-Orly Seine Biävre,0,320.094382166977,2412.94258307496,2364.96181848617,2538.94836807791,1349.50439599559,2726.45702081088,2041.52911332947,11199.5948671417,1863.01248645217,7710.65783133917,1625.92454935039,9009.91923713038,942.801222357616,7005.27755282757,1061.84046194521,1017.02619406183,188.721754865267,717.724441326888,110.579997869676,909.564892663565,430.662394202072,7484.00999152789,635.88046454987,125.538552019824,36.0588937078262,238.034623388484,376.976758653119,240.231522165437,13510,23160,33910,24
91432,Morangis,Grand-Orly Seine Biävre,1.00717574128541,426.438366044312,1314.82498591607,1920.06916058866,1862.9720355365,1275.05581262843,2475.29963829808,1469.60607802854,8647.59211101691,1567.55276710651,5487.32578522048,1592.71355868992,6797.61268968649,678.648779179005,5175.05633537553,943.907575131958,681.769486042472,117.728434179855,461.78666179164,102.254390070977,854.142947313212,534.302173802447,5586.4618067249,366.193361234575,130.286968240984,24.3461492705364,175.833928317539,319.773378542529,279.203973071098,17370,25720,35680,15
91479,Paray-Vieille-Poste,Grand-Orly Seine Biävre,0,305,540,1100,1060,560,1605,950,4689,880,2854,955,3620,368,2662,590,376,92,230,54,474,275,2904,198,49,6,63,216,164,17060,25040,33720,15
91589,Savigny-sur-Orge,Grand-Orly Seine Biävre,0,856.676624147533,4292.60554434423,5362.60167338297,5072.55212320424,2843.0412362239,6498.30033177303,4843.90341552548,23930.3202430855,4379.64806883482,14796.7554419168,4753.91673233384,18558.1430705827,1848.64526381726,13580.8057447251,3128.69206204036,2116.93382461527,404.488034150656,1461.97307136605,250.472719098557,2451.38027725128,1275.00780584452,15116.930457858,1232.95214137787,258.048987311521,46.3783451313441,456.539693539616,898.271039440222,571.614021888875,15940,25420,35870,19
91687,Viry-ChÉtillon,Grand-Orly Seine Biävre,0,557.56093588666,2260.89889853804,4058.68370494753,4867.91547573959,2924.18798826207,5018.87927439082,4144.52978105889,19209.5963724634,3543.26278153151,12204.0183401149,3462.31525081703,14861.4590958664,1453.26409418115,11141.3448809645,2266.85012072069,2174.89908004078,426.384299793379,1462.9927066798,285.522073567599,1970.09170363626,832.924601315219,11913.4381269373,1043.12934359447,286.298736759311,65.3630753094606,285.95710479549,577.671465029008,334.013600184077,12310,20680,30100,27
92002,Antony,VallÇe Sud Grand Paris,10.3369361947995,1236.98654249854,14658.1514947869,7616.22398121742,5744.41175297469,2261.18345158243,11667.9799477983,7943.33197430124,40042.3174454228,7534.07837067546,24952.0292978852,7556.20977686209,31308.3592946523,2410.94373229569,23486.7352108339,5410.68035152273,2749.66073132726,497.55058259494,1802.31164334695,449.798505385377,5205.72634227296,1601.95642157024,26166.0741694612,2103.67044427032,233.111623729436,78.8409410352051,575.26231348013,1704.99958599498,1188.86159170526,20840,32920,47450,12
92004,Asniäres-sur-Seine,Boucle Nord de Seine,14.8200620922843,2343.4960808277,17766.9212750355,11161.8569740852,10537.117884497,4406.47949113365,11206.1523973327,11399.6088905925,57737.0751436697,9995.15470744074,39568.9876478658,8172.93278836318,46048.5259254464,3781.18898958664,36551.2547083075,5716.0822275523,5065.86106696116,829.246067323613,3582.26981223747,654.345187400083,6027.97676497964,1690.39904529597,37136.7998266842,2886.36852825069,390.247618567039,159.697105319006,1133.90070716376,2805.2398386809,1749.52005393356,15030,27770,44720,21
92007,Bagneux,VallÇe Sud Grand Paris,0,744.977805847511,4213.69648619054,5191.78482400535,7147.21502166941,3107.00931687818,5591.3493469832,6224.09663289433,26985.3044946279,5128.80104709547,17302.2604156839,4554.24303184854,20771.0639757181,2095.88138480824,15561.0181067163,3114.16448419353,3233.44077476384,654.516040819056,2192.14015064224,386.784583302539,2977.43391895532,893.481211985123,16406.7985301881,1701.69453727075,294.051114433842,130.474245657722,503.43959802239,900.857743794743,427.157892807873,11330,19150,29400,30
92009,Bois-Colombes,Boucle Nord de Seine,7.3844699177771,750.818171754583,6247.13911763553,3896.3242175012,2903.10821506866,1230.91461025568,4181.51067939861,3728.04303327188,18929.2502543214,3402.69136126207,12435.819430861,3090.73946219837,14945.9853889727,1039.49110879135,11687.2914344536,2219.20284572779,1415.57883544578,197.434460221746,1000.78631508504,217.358060138997,2344.69754782121,618.674696966114,12232.0908147422,875.845160570142,93.7714882421565,30.9551517147957,283.808248897235,942.089639665866,546.745384812838,20570,33800,50520,13
92012,Boulogne-Billancourt,Grand Paris Seine Ouest,12.5864122986558,4281.81786884502,33151.1869565323,15060.9656660244,11097.4238982076,3133.03382205593,19287.2272759524,15006.6689176093,80669.232059052,13544.9011890034,54824.7839086959,12299.5469613527,65707.6041212073,4689.17184938254,51576.6983431154,9441.73392870935,6025.48495294468,661.907149911286,4451.5590837218,912.018719311596,9007.98468377273,1791.08564804375,51507.6132137741,4147.34027250246,289.497495344303,141.175279361634,1729.00921157302,5502.76332040232,4071.4152115503,22030,37150,58120,12
92014,Bourg-la-Reine,VallÇe Sud Grand Paris,2.99580341789603,355.086402189994,5260.16879538594,2420.36199742692,1769.99228845651,650.865027162273,3643.07073141437,2943.723172752,13491.5441618532,2624.59187996598,8527.03519432059,2339.91708756668,10359.5561503788,748.921105418107,7949.69024935043,1660.9447956103,899.651426575145,123.540889175622,666.525866668568,109.584670730954,1938.36508013041,504.434636146716,8637.703953179,787.682442690317,56.8002362379467,8.64045539491778,226.191992164914,599.242438100914,404.512510641478,22100,35690,50910,11
92019,ChÉtenay-Malabry,VallÇe Sud Grand Paris,0,745.22451892502,5556.96188329448,4559.64567939481,4281.09392258868,1930.16048374886,5285.61566195153,5408.76401140094,22529.3453765029,4928.47164979859,13896.3802996976,3704.49342700674,16937.7918114826,1483.05334225731,12771.2840061342,2683.454463091,1982.00557892794,393.953428465345,1355.97958917044,232.072561292153,3492.12099854116,720.703455165386,13841.2945664895,1060.80969941675,145.262569204195,52.3034151140275,487.504232545011,914.584292706091,581.494428604796,15980,26720,40960,19
92020,ChÉtillon,VallÇe Sud Grand Paris,0,792.219377504289,8455.02667329484,5401.27362413087,3975.03489250972,1262.31739513672,5689.12890599055,4429.66457535351,24871.1560374421,4210.45599484291,16306.5702920277,4354.12975057149,19978.1555684346,1440.06924450474,15429.8959812618,3108.19034266802,1860.83577519353,344.873558011352,1226.46569493438,289.496522247792,2745.88666297009,971.935871913141,16588.6321084969,1100.38399097075,121.544766086396,32.8733378811358,453.165492784607,1095.30339815531,605.546781218097,20000,31330,44880,13
92022,Chaville,Grand Paris Seine Ouest,0,474.015165900451,5010.33291970354,2705.3762868665,2170.7963792676,603.419682216794,3349.25771130648,2499.87936036472,13588.9480994569,2376.82818891,8909.9951554863,2302.12475506062,10949.9337946922,783.380298979471,8471.94487691978,1694.60861879292,897.999324022608,124.029520967033,636.461098817595,137.508704237979,1545.41389335114,433.571351716626,9074.34929609676,583.510863938004,56.1241037367366,14.8804525339507,293.921634348499,692.749994925066,386.882971464592,21410,33500,49440,11
92023,Clamart,VallÇe Sud Grand Paris,0.997659177789486,1511.5384212538,9273.96309199458,7158.55376204613,6496.01718688083,2444.97699287858,9458.332713275,6484.30203706726,33853.9268133792,6376.198431385,21196.0777131118,6281.65066888241,26776.5662746179,2275.84723369548,19970.0837472005,4530.63529372193,2774.1821457262,503.596978431482,1839.43594178818,431.149225506531,3962.77080219439,1293.80011978499,21616.3222019108,1859.76424888334,136.028976452951,55.8537560892747,611.911716666138,1603.79316564685,1169.88575113216,17560,29370,44680,16
92024,Clichy,Boucle Nord de Seine,14.0843492055073,1375.17012038814,10325.1056812305,8543.74862663021,9470.13714340736,4158.97435068322,7655.77465844204,8986.62379368167,42991.3784809671,7616.79744524113,29257.8461457928,6116.73488993321,34059.0080470023,3019.03659153694,26725.9044101688,4314.06704529657,4500.27985306297,715.617651032938,3276.97468232498,507.687519705046,4545.24254452571,1031.81729837577,27311.3492409796,2469.99911145463,435.51469355861,72.8975849033624,922.503270814868,1822.66219645558,844.007945991712,10910,20150,32890,31
92025,Colombes,Boucle Nord de Seine,2.0705735549893,2330.13557325492,13206.1734053185,10551.4934908583,11506.2535520059,5472.18918436152,11893.1341825922,13004.2435787447,56863.7947945885,10860.4711454997,36657.6830574079,9345.64059168099,43331.229663501,3546.913036188,33384.1108837563,6400.2057435567,5629.22589709597,921.390555895479,3834.21971009854,873.615631101948,6980.81054002285,1973.45736973796,34107.885572814,2579.05937954048,475.804474734094,86.1898021627818,897.620117196692,2518.35106851058,1582.59527347566,13170,23700,38530,25
92026,Courbevoie,Paris Ouest - La DÇfense,20.8683553738827,2104.06320724649,21160.151586925,10799.7417208467,8651.5147691152,2376.1156942705,12031.9365725442,10510.7623292628,55781.8419396637,9605.13107479201,37950.1035006888,8226.60736418292,44842.2605694564,3083.81350395179,35577.657189222,6180.78987628265,3956.01621589993,504.275964148662,2851.35611252995,600.384139221307,6677.81434177987,1434.21098202008,37120.824185659,2171.10124000403,292.624789786421,73.6641500330016,1056.58465272243,2712.05635953975,1714.18351960866,20080,33610,50080,13
92032,Fontenay-aux-Roses,VallÇe Sud Grand Paris,3.34155993339277,517.251422139998,4317.69115654326,3111.61878666031,3202.71465223653,1092.67610939736,4335.05551080849,3516.1031933806,15966.7186727956,3244.39201111249,9731.45075834921,2990.87590333385,12245.5717187893,1011.48542606871,9062.72706770753,2171.35922501307,1410.44004171464,266.333679833353,961.856296341018,182.250065540265,2192.1877156194,625.030299180632,9947.68989810315,782.879049652937,111.603186532098,25.1329384800055,270.890350301795,654.536163664299,384.823893301342,16210,26810,41310,18
92033,Garches,Paris Ouest - La DÇfense,10.4797420576634,627.619485904071,3858.53711316464,2069.61337890537,1581.178557153,554.00514183537,3397.09972030183,2432.81400871127,11064.6962324045,2129.40705856447,6836.39961456901,2098.88955927101,8551.43520428341,500.152134660601,6405.79543391366,1645.48763570915,792.004966102557,87.4140992886265,542.958632033588,161.632234780342,1612.75023384023,307.426838495156,6664.61588384164,370.415224031383,31.5456552332163,12.3898672906677,208.762156129911,698.85615336847,613.945236421437,22930,38320,61550,9
92035,La Garenne-Colombes,Paris Ouest - La DÇfense,3.31870116495277,816.969035392731,7169.8712421442,4173.3745180176,3024.6222720731,1112.8309256207,4342.77784337756,3208.57132280912,19825.1692534311,3373.14727752546,13378.1774505324,3073.84452537325,16185.783763504,1137.31968088034,12777.9390901128,2270.52499251083,1310.05197405292,154.847622489241,969.239690147487,185.964661416192,2211.9294605514,686.622659405807,13553.6656990274,911.074311269247,99.8243995546049,31.5652001759842,302.758544708759,904.107563846369,632.718124308435,22060,34260,51160,10
92036,Gennevilliers,Boucle Nord de Seine,16.2027812006074,984.157539614366,2756.41170760496,5304.39405160391,8042.36325377354,4728.55367639616,6710.55400631318,8358.47022296975,30370.0385958794,6226.63365237803,19410.3407359692,4733.06420753222,22290.404055398,2481.1349962556,16795.0437938081,3014.22526533433,4343.88910382562,877.519333393263,2995.15276507758,471.217005354784,3532.59141962767,934.139090266253,16861.723208409,1781.64682123295,300.865186182161,102.231592494297,426.080696707001,720.362817417127,554.853563703092,9130,15850,24030,39
92040,Issy-les-Moulineaux,Grand Paris Seine Ouest,0,1567.99773321945,18869.8489991331,9045.50332679456,6921.95848854556,1858.75439357255,9733.38489256308,7848.20830069888,46550.5460936852,7599.03926750864,32136.4355263961,6815.07129978053,37972.3333725723,2630.092645963,30362.3218381852,4979.91888842402,3144.93310851601,476.25205220799,2257.70949085294,410.971565455086,5041.08323147531,1354.38133277775,31792.339516171,2322.50621649455,229.921114273402,44.0363743968831,863.275927127635,2279.2394152797,1293.13951656213,21810,34980,51620,11
92044,Levallois-Perret,Paris Ouest - La DÇfense,8.58305709249379,2197.64824420831,17404.2919796318,8854.50377145654,6289.66220351242,1851.85555550464,9653.82147964371,7378.48003573866,44012.9538522167,7334.00140522656,30581.7583673343,6097.19407965586,36241.6530375445,2765.88798565009,28985.5983398653,4490.16671202913,3319.35457089161,453.466124469898,2370.60731620409,495.281130217616,4624.7692835706,1081.28655176346,28618.0807617049,1730.67607625846,152.401141039552,60.8436262029498,929.247157988008,2738.06129719324,2149.16274407401,22000,36410,57690,11
92046,Malakoff,VallÇe Sud Grand Paris,0,659.583233340588,5238.09131761486,4269.81364020178,4448.33996997725,1673.39307247423,4549.10685914374,4523.27004712922,20831.9819068691,4106.22247923883,13081.5350443577,3644.22438327255,16239.9274414592,1418.66192754144,12119.9638035838,2701.30171033395,2017.45071778905,343.889347855129,1360.42476879775,313.13660113617,2689.1562085259,643.841313904021,13065.8805926373,1361.81873232392,143.932792090262,36.8095099848123,320.978270629896,919.444543190698,510.190368149217,15590,25200,37660,19
92047,Marnes-la-Coquette,Grand Paris Seine Ouest,0,77.5072886297376,361.700680272109,186.01749271137,132.512147716229,51.5043731778425,258.357628765792,320.10009718173,1122.02293488824,238.307094266278,647.760349854229,235.955490767736,835.777842565599,48.4375121477163,600.289407191449,187.050923226434,79.5741496598641,7.23401360544219,57.8721088435375,14.4680272108844,185.612244897959,23.7689018464529,613.590281827018,46.5043731778427,1.03343051506317,0,10.3343051506317,82.6744412050536,88.8750242954326,,,,
92048,Meudon,Grand Paris Seine Ouest,1.06950545470105,1170.91132669235,9045.32491788657,5551.76539851552,5043.63006720928,1988.33224545889,8300.42778088023,5992.08238519352,28680.4124877245,5209.21862286832,18109.8324834849,5361.36138137127,22408.1044590873,1540.66299997165,16924.3633576801,3943.0781014355,2205.89392808312,321.353492560308,1539.8966205722,344.643814950608,3636.84680866398,1025.5979144792,18071.4890924951,1414.26413113341,132.557575566091,43.7852172209828,484.473856231909,1609.04824813091,1068.86929528371,19140,31510,49390,13
92049,Montrouge,VallÇe Sud Grand Paris,5.5407277069174,1065.63487362583,12038.1635733731,6814.79462203146,5453.28972957359,1803.19681347564,7873.47118893151,6035.71072275738,33617.5387874791,5939.16684443224,22411.7512931856,5266.62064986126,27095.6958479375,2218.16569084449,21054.7714329054,3822.75872418754,2575.80549510837,359.904928778692,1878.95716368028,336.943402649403,3786.18413490811,1118.67742249637,22556.7638816714,2033.9823603315,239.561473517052,79.1110320269179,705.149402393695,1599.3691046342,722.30457753483,19080,31180,46130,14
92050,Nanterre,Paris Ouest - La DÇfense,13.3086108135407,1986.53071213985,12688.816663359,11002.3702941929,15842.9827964625,7003.29900852016,11626.9567832567,16445.3066246976,65528.4827495226,13833.3446525222,41926.7409276523,9768.39716934823,49071.8324527673,5468.33981136881,36969.3283554747,6634.16428592373,7344.16427790174,1505.99075129259,4961.54319628242,876.630330326732,7794.24951438083,2002.67051155452,38707.1354831069,3294.47549144641,638.565888164441,223.754613187477,1522.70743719249,2221.11582103527,1331.10292822409,11070,20030,32210,31
92051,Neuilly-sur-Seine,Paris Ouest - La DÇfense,31.3885998606781,3235.51169845387,15387.7930475925,5058.32227002743,4327.32890346164,966.357145878551,11444.9204050461,9493.89576990431,36447.8461815186,6922.0002236848,22423.7356902761,7102.11026755773,27662.430578619,1576.3015429845,20576.9239912229,5509.20504441151,2597.01938880442,302.450063405657,1779.99656233177,514.572763066996,5401.81263719297,886.569694517995,19326.3509493586,1221.99083333798,67.9534491522371,32.00418043456,570.566450195497,3344.56004157101,3836.38621088815,28750,52570,91220,9
92060,Le Plessis-Robinson,VallÇe Sud Grand Paris,0,561.126535990764,5869.83494879298,4312.0596390733,3549.46070218089,1224.58209716274,4952.44133515862,3063.18924469514,18960.0675887082,2899.23458276369,13017.0713600348,3043.76164590968,15467.9260746027,1060.54146037867,12347.5985140545,2059.78610016962,1197.93892129836,235.525578934164,820.775084273336,141.638258090862,1829.1427951453,740.648199510219,13208.8264710824,670.048433628533,73.0769649488214,23.5015655397204,268.464479852423,774.610833639171,428.464857071193,21750,31740,44910,9
92062,Puteaux,Paris Ouest - La DÇfense,0.99999705107483,1258.17958816446,11562.1739828955,5935.99083330148,5143.68310192792,1733.61848773257,5826.31042487394,5341.65067121675,31036.088006181,5013.31222766708,21385.6339405884,4637.14183792553,25431.7304955531,1945.16190215196,20111.553858713,3375.01473468807,2541.29049502632,343.379584387546,1860.15695678527,337.753953853505,3082.18861801467,809.15574092067,20825.963375436,1518.14662351378,136.533198764745,68.5064028086178,599.381336546293,1492.41991202057,936.934495406887,19250,31560,48440,14
92063,Rueil-Malmaison,Paris Ouest - La DÇfense,9.14971383231806,2014.98266188313,17103.9086118043,9968.46028140038,7821.52694244683,2598.80197258005,12939.5653959441,10068.027763584,50087.2954045687,9093.79893452907,31808.0986769273,9185.39779311227,39314.4056512804,2647.68776968117,29973.1771642386,6693.54071736069,3769.83625903773,568.326112647519,2640.01784742762,561.49229896259,6356.29397871995,1792.5959468498,32122.2785784751,1853.12831426528,241.835642931886,96.7903783702558,869.484126158996,2247.81380767322,1692.89917136809,21520,34440,52590,11
92064,Saint-Cloud,Paris Ouest - La DÇfense,9.56044468255382,972.753255487507,8016.94224087909,3048.08648266812,2322.61124809636,624.971795410326,4743.55075315262,4394.49200288246,18890.8829468906,3604.02479900118,12017.2173619078,3269.64078598158,14655.3401683519,848.208833923493,11247.5636201552,2559.56771427324,1192.64234626516,149.334900361049,848.838134929566,194.469310974547,2737.87432171662,463.925123386753,11616.2034003235,809.300305516453,57.1637241728378,15.0962419677831,315.866820098924,1236.18192835733,1013.87287713376,25680,42970,65620,9
92071,Sceaux,VallÇe Sud Grand Paris,0,581.778458181375,4549.1582548637,1926.4445577669,1548.24765827631,438.938729358351,3838.3292729841,3282.56668387735,12089.0590327138,2899.06484804978,6869.78109247573,2320.21309218829,8904.99677546925,676.603497828803,6426.02209910849,1802.37117853196,768.042278120385,147.560850338819,519.482445590485,100.998982191081,2215.13454958822,356.254221324151,6993.22115448352,469.920563797514,43.5128102678924,8.69502255222005,247.181219097961,705.981154640506,638.679388657329,23230,38260,59320,10
92072,Sävres,Grand Paris Seine Ouest,1.17277865128803,640.391752302026,5393.07343484413,2717.79604647257,2337.14443510099,769.22775518074,3996.16541589934,2873.25561281159,14643.2492399547,2565.65447912206,9429.02420365011,2648.57055718255,11725.8885182303,786.611964185917,8873.71695441669,2065.55959962772,1212.12207741979,180.256855567741,840.324808665572,191.540413186479,1768.33972180179,421.047967967636,9200.69952165041,677.275726107491,71.7331765174542,27.0951195693735,227.161251228746,993.141486797902,553.190321371983,21470,35700,55460,12
92073,Suresnes,Paris Ouest - La DÇfense,7.45623306075204,1481.24196978364,12066.9251726155,6341.67492587098,5364.5553313439,1785.1647915054,6148.8350184559,5628.1328291523,32889.7066415445,5325.51759266999,22763.7058124506,4800.48323642383,26873.8357184871,1946.88169652282,21471.711426135,3455.24259582933,2644.18608153775,434.960814211104,1922.27529983175,286.94996749489,3319.96822970063,907.371964937557,21846.7456015998,1498.4894281432,133.215701667702,63.8769284258752,552.272344040465,1651.92768926972,1144.82239076087,19570,33100,52430,14
92075,Vanves,Grand Paris Seine Ouest,0,594.748884142378,6232.12140990412,3773.8846502637,2860.08737044106,892.861766112728,5023.36625543967,3752.50590961308,18222.7097238331,3663.2668322906,11551.2003992401,3008.24249230244,14277.6069043782,1212.09103383757,10855.828846866,2209.6870236746,1304.70050870523,227.600633351356,900.385799783416,176.71407557046,2492.58520985939,619.208240448082,11814.5976941411,1093.81792385396,147.303923337691,24.2238301989321,391.269299617337,903.56346250134,489.327958993254,20030,31510,46490,13
92076,Vaucresson,Paris Ouest - La DÇfense,5.01072412196089,339.185704342587,2119.88665420753,819.253109384489,538.965344526629,170.042329572722,1739.45933483863,1305.81128942693,5221.88411721359,1001.70738410032,3112.38205235908,1107.79468075419,3906.95788987345,205.400859262635,2901.18805972947,800.368970881342,318.451059863755,38.8357869305691,218.541645353553,61.0736275796327,792.364742756261,190.363562987454,3001.33942176831,217.606116491538,18.9546178846315,12.96679149529,55.8200189602072,382.36104904508,343.172531511652,27410,45350,71830,7
92077,Ville-d'Avray,Grand Paris Seine Ouest,0,275.875691862896,2569.7976045541,1273.29768351438,1145.40042769582,277.87750136825,1818.8519344494,1583.7204305544,7031.53459966671,1412.51743310131,4272.7480503276,1346.26911623779,5473.44231073834,353.275247792831,4039.19218647128,1080.97487647423,500.289289485438,78.0519497522486,324.651256868464,97.5860828647249,1055.08479579015,154.770263683549,4341.7121249133,337.625181790522,18.2154328318719,5.5106568669437,124.54171102278,509.088761610788,242.57742690547,24990,40850,62090,9
92078,Villeneuve-la-Garenne,Boucle Nord de Seine,4.55894034764928,446.464653912279,1306.54519736088,2459.19832814815,4051.14136151381,2300.14948321156,3226.75416322856,4552.19259954492,15338.9082515003,3021.08528291658,9659.59006460738,2658.23290397633,10750.7139406269,1011.93810326901,8172.12768848348,1566.64814887443,1976.33178348378,343.511146710098,1406.37874933884,226.441887434833,1961.95488100819,677.975105256898,8246.35484462598,816.361066552856,167.801228216513,49.8027418094955,211.714818512104,409.869538744363,233.855033685131,9730,16140,23860,38
93001,Aubervilliers,Plaine Commune,24.0874090368564,2154.69402376771,4410.44011344867,7232.54084900852,14981.7584020435,11705.6297149118,7716.3126757699,19625.7597763038,59262.7261152452,11279.1308910935,39424.1317665507,8559.46345760102,41549.1038775699,4319.206493944,31724.4233221128,5505.47406151306,9184.59317508684,1336.5974112088,6784.27166045527,1063.72410342276,6232.59363395985,1360.43284047818,29613.9572578425,4038.82269020628,741.959090374707,168.938468108278,778.225452080251,2146.85410451408,1272.94534881059,6440,11850,19500,54
93005,Aulnay-sous-Bois,Paris Terres d'Envol,6.98615743548377,1992.01269443272,4509.76290283352,8617.99636797535,12913.6317881729,10075.6706405918,11028.1158235909,16800.3271554187,55242.3719248459,12276.0446661064,33635.9268829718,9330.40037576771,39000.0766611051,4691.87693922905,28378.5045529065,5929.69516896957,7405.74006033901,1553.98704908251,5015.16306021941,836.589951037091,6769.38605953045,1978.05547266094,29415.3120141282,2868.84393542395,794.890378476582,109.865956066658,788.234348343353,1377.66993787663,1269.52357582885,8790,16040,25460,40
93006,Bagnolet,Est Ensemble,4.24681875030101,1090.693996187,3753.65550010318,4155.75988525745,5467.26341484042,3236.97341547018,4793.71982672264,6073.39746663339,24068.6198360744,4373.55764333181,15655.3243674368,4039.7378253058,17784.8627336158,1482.26880287608,13749.118044801,2553.47588593869,2850.92658247888,424.032906534406,2070.37584077026,356.517835174214,2680.61039057427,854.81652783476,13285.4696752127,1910.3612848216,227.453118981802,74.9593269565265,289.145001258763,1294.51322386142,568.548045329085,8910,16340,26880,40
93007,Le Blanc-Mesnil,Paris Terres d'Envol,5.62288022592118,1545.01989375309,1765.39974193183,4974.74496242449,9402.19980050958,7325.58209631134,7262.26298021782,11097.1551215408,36544.1971674511,7965.83639131014,22859.2106324479,5719.15014369295,25800.2215968179,3105.48306604065,19092.4477141194,3602.29081665791,5256.70198613354,1082.98407804039,3667.33484104246,506.383067050692,4313.5726250512,1299.08618327082,18825.4520618962,1838.93798491366,498.331755429182,82.8629389045028,510.917302116098,1087.12169067515,825.596918588591,8170,14410,22440,44
93008,Bobigny,Est Ensemble,6.06633802923367,942.521575050825,1859.93556126767,4233.18969113682,8678.83653203052,6258.31508563538,5454.85830461273,13477.2427644147,35229.2585849343,7610.68369256923,22186.3754502997,5432.19944206539,22853.2086763746,2358.0507824861,17253.8995074615,3241.25838642704,4820.53672130042,926.267971470781,3408.19504424081,486.073705588834,4662.663552847,1058.63086200064,17173.3800751624,1979.22108650724,396.285634021824,94.2162928620245,441.225208840466,672.729334101682,513.848939988393,7470,12820,19700,51
93010,Bondy,Est Ensemble,3.91574934731711,1346.67637094767,2494.57732405318,5076.86255741834,9058.10300253869,6018.1031214411,6884.93969157273,10363.7803800793,34522.9209116365,7026.59993685284,21615.0134030616,5881.30757172212,24518.3189649486,2586.27151164326,18265.2301937991,3666.81725950627,5031.53540448203,953.814778235107,3507.39173814309,570.328888103833,4110.27142441114,1217.90768697607,18091.8527558534,1942.66848817093,408.773201714579,49.7791902029967,449.055483209581,1011.19602562442,661.642694188007,7820,14510,23170,44
93013,Le Bourget,Paris Terres d'Envol,9.26441057876326,427.184856488331,916.39066537269,1531.48975874307,2618.73725222132,2126.72159544553,2004.67686346311,2787.47449022196,10485.6590207983,1875.33788694634,7037.36666486069,1572.95446899126,7877.07016695861,733.120790684713,6041.88797569243,1102.06140058147,1455.58564899098,210.201143101116,1112.52324606333,132.861259826533,1038.61087376419,307.636236894971,5988.61402643759,554.144854633134,149.315961740908,26.0281343622874,141.340876780873,278.573909918911,234.352858188669,8490,15080,24160,43
93014,Clichy-sous-Bois,Grand Paris Grand Est,2.82295583853603,615.039448984183,543.825558888719,2066.44224400722,4165.48235924713,3424.61756112257,2605.78010479546,7422.03228995004,18145.0795227123,4236.81717562366,11178.1405908111,2730.12175627749,11006.1563225313,1458.36361683111,8065.79528606727,1481.99741963291,2215.50561315533,380.809996283981,1569.55674163686,265.138875234487,2268.48793394298,477.700612736408,8141.4767388758,1074.40307354528,178.302525718665,54.3609504621674,176.171820531698,461.850437876649,302.521474617205,5510,10740,18370,59
93015,Coubron,Grand Paris Grand Est,0,162.437900314344,397.231721562926,759.705667489095,627.764988320418,312.819980730804,1025.20227582836,518.256314969566,2965.64346184569,504.728037763113,1868.38589860744,592.529525475138,2315.64728160899,211.255559162519,1730.08776770101,374.30395474546,192.241883673203,35.4736701727578,127.112050745442,29.6561627550033,268.902124176314,179.754206205391,1937.03294710373,121.012606516309,24.8269825976828,2.97923791172194,55.6192932169767,124.141765186581,79.446344312585,20080,27500,35640,10
93027,La Courneuve,Plaine Commune,12.3875561047837,1272.10105784081,1241.6919012277,3227.20015262525,7586.58345482622,6345.13205428903,4154.14906978186,9588.58986497231,29279.0255649022,6102.81122126397,18908.5103961797,4267.70394745853,20472.803352432,2373.31815611257,15354.1663417205,2745.31885459894,5169.95019353927,976.035671245963,3576.97902969444,616.93549259887,3348.51746515482,726.244512922484,14172.1145288937,1940.61497458434,430.323418440397,75.4224443141773,400.052579488389,749.661210109993,550.697077578236,6610,11750,18420,56
93029,Drancy,Paris Terres d'Envol,0,2089.3653731045,2891.73474492724,7451.78012479202,12107.173588404,8561.65433966617,9810.93559833467,13143.4773968058,46835.8348111002,9312.90998693923,29843.0166085013,7679.90821565962,34177.6666233239,3800.45753224225,25343.7495203822,5033.45957069943,6873.81716867488,1273.24018678551,4694.14217288369,906.434809005678,4978.42392914856,1641.58417874699,25136.6571891415,2635.7423234946,437.58073538753,197.814295473632,671.0425941916,1398.19398546283,1052.29868020445,8840,16190,24720,39
93030,Dugny,Paris Terres d'Envol,2.71926022324049,173.048448569414,285.784964672222,1011.09348348217,2139.29553560687,1255.70718300559,1028.44189740966,2129.45365082725,7034.8186505937,1601.48711710559,4378.19798789634,1055.13354559177,5062.89591614722,680.726156297945,3732.72399678157,649.445763067702,1090.56554719901,200.429022699228,774.937897210458,115.198627289321,845.222165842508,249.190654260406,3819.07675047106,429.30989752809,67.4546577402426,14.9531213610045,91.5645377632765,133.805847457832,59.1386510760387,7440,13920,21970,47
93031,êpinay-sur-Seine,Plaine Commune,1.99495515274293,1135.39473917687,2827.99143068416,5415.56702921472,9279.93882662835,5844.06570462451,6567.0366183199,10448.3258628602,35318.1385847213,7445.87818927425,22582.4757103879,5289.7846850592,24949.0739285923,2703.53377642005,18843.0029286836,3402.53722348861,4570.2395327093,820.469700476122,3248.60615875802,501.163673475151,4285.49350163974,1143.33994833916,19104.8243414075,2423.56343599449,480.192764336254,96.9525140502886,559.748284620705,970.105307441769,611.378234066023,8320,14810,23000,43
93032,Gagny,Grand Paris Grand Est,2.98164151791292,972.94665137495,3567.36298809739,5333.00927734355,5878.51401006859,3406.92636183246,6130.30377817804,5585.66376410843,25226.3874721578,4749.92415422649,16107.3898535349,4369.07346439636,19237.5437120872,1843.61357138644,14526.211123012,2867.71901768874,2616.49839661393,506.961533244316,1823.7167749718,285.820088397812,2701.14818531322,1074.54720764183,15336.4231434907,1239.3807011462,193.806697537678,60.0748073896732,429.764697057238,866.839461344818,651.018998995918,12850,21860,31420,25
93033,Gournay-sur-Marne,Grand Paris Grand Est,0,180,1045,1075,750,320,1370,825,4340,730,2685,925,3410,239,2563,608,248,38,164,46,482,274,2772,165,26,7,81,220,202,22010,31290,43040,8
93039,L'◊le-Saint-Denis,Plaine Commune,0,138.759879917665,512.725177585767,950.066452925773,1454.83560903066,653.030312538991,911.01574285366,1437.15668231073,5311.63126655208,1033.78877963489,3448.48993646153,829.352550455647,3850.4859112378,397.81184920636,2938.04649242477,514.627569606662,880.875256721801,166.966953971227,621.52000279026,92.3882999603132,594.664503646453,198.663363166241,2751.70738661314,344.187343338259,71.9802983906326,16.440747316709,71.9721921842775,179.682425984603,76.0939430440343,7510,13960,23380,47
93045,Les Lilas,Est Ensemble,1.00002026235897,686.366240460318,3949.28713028863,3319.19811182571,2880.4089539544,1221.17746802865,3994.78911591874,3045.53401661486,15394.7433018689,2514.44569087595,10311.1094516755,2569.18815931747,12081.3502400273,941.481462938143,9418.35622772523,1721.51254936386,1626.90568691023,251.71255044956,1160.16666403644,215.026472424231,1546.283850653,611.314625776127,9094.86594964081,1211.05556948318,56.9996295270332,44.9851301294103,162.509903322384,951.479011168269,549.146192665611,14530,24580,36530,22
93046,Livry-Gargan,Grand Paris Grand Est,1.00000598389074,1271.42266198036,3075.7214920059,6049.37447072561,7084.53084148474,4009.24452312424,7315.06668417068,6535.03378646279,28785.0871792225,5200.08075241114,18634.4459093917,4950.56051741965,21684.991138565,1918.97166769497,16655.1150413569,3110.90442951312,2793.11549727809,520.811092201784,1955.53880427622,316.765600800085,2971.47790463803,1336.31446116863,17346.0691930961,1376.02639659628,271.478533018655,62.5552631322173,434.659076306744,876.306349394469,882.761120020106,12350,20600,29360,27
93047,Montfermeil,Grand Paris Grand Est,0,827.413186994207,1348.59058947165,2958.47876460016,3778.15822666341,2696.10136857514,3935.98730543365,5208.14295406251,17058.6228509551,3742.71785185972,10504.6195890813,2811.28541001412,11770.5276839876,1347.4946609848,8754.02660224782,1669.00642075502,1681.68268836465,379.181096930684,1139.20987384405,163.291717589925,2133.85676168883,655.374666727475,9034.24746327769,800.599182402247,160.979219423301,36.2966012426061,209.471025121393,732.847386930653,412.38063546731,9900,18600,28090,33
93048,Montreuil,Est Ensemble,0.837781679614553,2713.70933385864,15536.6248848513,14391.8353045566,15235.3735947434,8558.86071061073,15057.8445961764,16702.0137051455,74013.4737734262,13039.0130911738,48964.5943999111,12009.8662823412,57081.6641152883,5155.84458144366,43684.0078028064,8241.81173103826,9800.28495931027,1709.94025857053,6954.8258934497,1135.51880729005,7339.77165152976,2499.2976018505,42006.3706096445,5879.04447545428,716.62233584176,191.989444776301,1029.0575481319,4183.7127977452,1816.32935076915,10090,19280,31380,34
93049,Neuilly-Plaisance,Grand Paris Grand Est,0.999552796494078,647.417240497699,3093.88510584827,3079.59423756663,2915.08828642067,1369.97225127592,3270.55947779239,2618.08077811785,14085.8728774676,2649.00423218763,8930.08722219964,2506.78142308031,11106.1043106369,1058.55628403711,8300.57988830869,1746.96813829112,1224.16335872142,204.743753362576,866.564082473704,152.855522885137,1574.95592372053,631.429381016437,8912.73461221646,685.147972361428,93.3206596780461,35.5663151458492,306.002880229179,618.989572681515,477.570196825511,16340,25910,37350,18
93050,Neuilly-sur-Marne,Grand Paris Grand Est,4.472943194242,709.695176615743,2356.26753326839,4490.81059083071,6534.78793877595,3106.8176771813,4778.76334961632,5723.21329425804,23408.9506522815,4463.6241610058,14999.8959616533,3945.43052962241,17218.225162998,1527.0345324082,13124.8742826655,2566.3163479243,1938.74622546758,349.581696109745,1345.1674272737,243.997102084129,2769.93258826354,921.941802304427,14391.8482386084,1123.98372514864,221.628052906941,71.8900801664855,255.871084541801,706.281655807105,360.768795802109,10990,18910,27770,32
93051,Noisy-le-Grand,Grand Paris Grand Est,4.99922021463562,1391.87234055488,7812.35083515825,9557.9314166912,10573.9976419926,5042.72398388113,9507.17632291681,9760.25439673779,45074.8130008138,8706.60132036935,28798.9831559264,7569.22852451808,34639.026505643,3478.26831271755,26179.1975154144,4981.560677511,4686.75363354258,864.383853163282,3277.94851421833,544.421266160968,5032.96223418622,1889.12576827812,27915.9006903814,2198.82661585107,463.071305830663,124.163731791406,879.572063054572,1409.48042076412,981.738812374294,13010,21940,32750,25
93053,Noisy-le-Sec,Est Ensemble,3.43668937820198,1052.19640476856,2629.88049466114,4468.63265696549,7692.45907830734,4361.07330442673,5261.97816411909,8098.71523607012,28570.2075465881,5556.86236790655,18212.9125658305,4800.43261285108,20576.3804002602,2000.82106385289,15465.1008478658,3110.45848854151,3637.67627480588,662.812974168172,2545.78840681328,429.074893824424,3273.67153207339,989.614296713785,15646.3381842267,1816.8095394708,345.427755515918,91.5939441725255,267.881761522626,859.003478052533,610.228600314135,8360,15420,24790,42
93055,Pantin,Est Ensemble,0,1356.07877567081,6692.90399487131,7439.06242014187,8739.26196193628,5669.43318790168,6912.07047461676,9448.97323267073,39500.7991731429,6417.17944634562,27303.3155739711,5780.30415282616,30238.9620153986,2305.53124180099,24060.2115390132,3873.21923458441,4968.43303616494,660.861709831689,3687.26285787477,620.308468458483,3944.67178288175,1128.61261060844,23190.487218015,3033.46027151062,434.536228085326,89.8342016020936,441.116003783329,1706.55102271708,765.606629755954,9140,17110,27970,37
93057,Les Pavillons-sous-Bois,Grand Paris Grand Est,0,855.802310574078,1883.87621500104,3325.85793667757,3538.30492830241,2302.23257696746,3288.51702387652,3405.20221730272,15610.6910148961,2855.75570424777,10472.5630599797,2282.37225066869,12026.8158995249,1138.04782742512,9399.43952383959,1489.32854826018,1650.22761926549,286.949632280416,1135.19551464101,228.082472344059,1564.16957659632,592.203630785279,9329.84580449103,811.370629564464,165.80798089357,35.7050646602068,203.417409824593,703.783385416289,469.419353427157,11880,20390,30240,28
93059,Pierrefitte-sur-Seine,Plaine Commune,0,746.105567974701,1162.62776803935,2437.22361017115,4861.64302978503,3940.04788728183,3200.98920186161,6882.58126643974,19969.8096896445,4352.9088104989,12481.2244279717,3135.67645117388,13604.7280280253,1519.36024207352,10182.8020304492,1902.56575550263,2954.91074012294,613.406590145831,2019.73140983693,321.772740140184,2546.99015667354,571.60492958999,9936.2980537232,1118.3347387631,218.926121061863,43.3941058744773,227.020957112052,533.284118845547,341.943804981257,6900,12610,20120,51
93061,Le PrÇ-Saint-Gervais,Est Ensemble,4.47944035977702,446.599385418053,2177.49057883813,2394.84338223563,2630.11187314917,1448.99334428421,2467.11587151908,2759.71183794821,11852.2764076942,1990.36333553557,7962.90630985667,1899.00676230194,9130.41415202099,682.899376368936,7168.25884693631,1279.25592871574,1557.16046462525,238.619324895786,1161.43771315484,157.103426574624,1217.51586697538,418.312358953775,6886.71157145556,849.829345120346,122.8772048901,14.4814844885052,145.89458304584,610.058730921261,305.699050616951,11000,19830,30990,31
93062,Le Raincy,Grand Paris Grand Est,5.82776980875854,624.736903880697,2397.93616039825,2265.29548927646,1729.31739016522,642.063481730804,2403.9711665355,1908.90740520255,9622.70517496112,1781.90266128543,6116.34933785226,1724.45317582342,7621.53669452951,629.421451392981,5718.14855156852,1273.966691568,860.578714626107,114.390756625773,619.595654257556,126.592303742778,1119.63350017923,311.81075979155,5804.95778952536,448.123078970233,43.9840204262042,14.7405482701328,212.690652880146,544.306763520418,552.368577737451,17700,29360,43660,16
93063,Romainville,Est Ensemble,5.62347011432171,743.16519863035,2716.42656263207,3615.4658140708,4425.10790818111,2398.55038852641,3432.00900667786,4584.60281665298,18652.6839542349,3402.32992882051,12184.8379595925,3065.51606582188,13954.8307537873,1343.15692252063,10608.4201737869,2003.25365747982,2362.60551116095,403.23642164247,1713.36481466131,246.004274857173,1887.47414233986,654.501171333247,10427.537785572,1146.6687841089,136.039041299966,52.872586446819,342.879019185288,982.360226571032,430.093329311778,9980,18440,28390,34
93064,Rosny-sous-Bois,Grand Paris Grand Est,0,951.297360750305,4049.45705712057,5946.09894907365,7743.5584826271,3830.87579588824,6515.97738348011,6952.11585543705,29681.6383424175,5087.98390743822,20165.4234729764,4428.23096200291,22836.7716976653,1949.01256690578,18018.1512479791,2869.60788278045,3135.00898853901,494.337762748207,2286.19134976728,354.479876023517,2905.96029770239,1023.42630476505,18272.2913206174,1552.22672704574,247.14863954847,66.7364595630863,429.563209770309,1026.04964153207,595.592762308946,11480,20110,30070,29
93066,Saint-Denis,Plaine Commune,2.90871672995576,2323.16825386223,7908.88902000942,10796.0982379997,18320.9238954955,12725.8542299251,10852.1315378347,23809.5508355134,75993.8767829442,15871.7613684891,49606.7069758406,10515.4084386144,54052.7987537912,6299.68017148924,41019.3284189738,6733.79016332817,11925.0145975,2255.63313139138,8429.57870112433,1239.80276498432,8738.70908166025,2032.8204268922,38787.6368597381,5004.51429651088,1041.45590748718,238.391127296168,1304.47756210919,2497.13337192208,1197.52896918472,7040,13150,22040,49
93070,Saint-Ouen-sur-Seine,Plaine Commune,5.03367949626771,1303.3168191003,6721.91581959792,6470.60324635772,7784.32285078908,4473.20391550445,5024.61275041087,8533.43428272358,35424.9038582896,6371.45555024366,24226.5355432025,4826.91276484343,27198.6628639541,2451.68290237005,21479.0275725748,3267.95238900928,4838.18078426504,650.008961259979,3682.37160366852,505.80021933654,3713.58706714348,875.37287748893,20336.2270894489,2440.83928415696,391.7364004137,83.3901783921387,643.932236291249,1534.54671316819,754.075893016832,9280,17450,28580,37
93071,Sevran,Paris Terres d'Envol,0,1057.62380256038,1817.26501510084,4829.90112162667,8402.60473838348,5971.27253161765,6473.28587959156,9986.2327914571,32476.6891203045,6850.59472325375,19864.1477099904,5761.94668706038,22725.5635981795,2531.22577005177,16519.592869863,3674.74495826467,4654.4931400039,912.84836293174,3102.04542399215,639.599353080008,3916.55943990737,1253.86736590279,16749.5170580721,1537.73929330272,427.613290077664,126.417931237708,518.124355897659,876.270230672366,709.089975487762,7920,14100,22150,46
93072,Stains,Plaine Commune,8.10662552190639,972.634387334034,792.646513679552,3090.12695949952,6669.92704457806,4683.12696074425,4161.64413446827,8310.36820696745,24931.1931227797,5560.84824772333,15791.0767149276,3579.26816012885,16788.3567022977,1989.4953063914,12797.5844769581,2001.27691894819,3671.92569859864,786.073994176707,2600.92118469621,284.93051972572,3279.77816898015,930.368889623144,12194.0110555577,1680.25222682948,437.505808914816,86.1426224117101,318.364911969481,546.165114811423,480.6221860089,6690,12640,19900,51
93073,Tremblay-en-France,Paris Terres d'Envol,1.03502926435878,898.011918313555,1888.21173619983,4854.09007247289,5745.08822579584,3888.18884798704,5202.97178787701,5511.01059711175,23281.0921554944,4757.65591773329,14363.9841816653,4159.45205609576,17520.3518380781,1972.69988804681,12863.6314606352,2684.02048939609,2683.55111216051,623.430726844746,1767.13330174605,292.987083569717,2606.44214906887,1007.1612137001,13848.3956375141,1138.24573523414,330.853690255958,64.47966128539,407.709396776618,686.040949570254,443.6555126898,12350,20060,28240,27
93074,Vaujours,Grand Paris Grand Est,0,109.571889692002,437.94209598012,1055.05049408581,1139.85324291496,717.259707455,1028.28742320348,928.150986898742,4619.13213806364,924.567000673271,2893.23658336891,801.32855402146,3545.48093181605,406.440580957401,2625.86997185648,513.17037900217,463.137902797629,87.7730630487291,307.718612850159,67.6462268987415,469.182112632971,218.5553516732,2881.05816285403,212.077267108891,38.8241950427663,13.9398434934533,76.842452885433,134.424093766817,102.585897487656,15450,22920,31130,19
93077,Villemomble,Grand Paris Grand Est,0,805.1718131302,3355.94365144661,4017.7359460901,4308.64728609602,2294.93564262717,4783.12412335272,4228.37499432095,19399.1929112377,3510.81233313104,12389.5479424869,3498.83263561977,14844.2181062032,1224.52197763386,11237.3452496612,2382.35087890817,1728.03032455346,329.19821546242,1197.9731560109,200.858953080144,2143.64244957141,806.254195782777,11922.8904071631,825.553534105449,147.222632437494,43.5487546241447,265.981605000634,733.570987822302,621.909620773184,13040,23130,34330,25
93078,Villepinte,Paris Terres d'Envol,0,811.954078970743,1629.83183486849,3831.28993579174,6172.87869359853,3910.60605143753,4538.24751574334,7300.74318397797,24242.8725100225,5283.40812459195,14937.024945272,4022.43944015845,16769.9589702927,1977.08077332937,12346.2935292204,2446.58466774286,3212.0768850344,745.192125164537,2122.3825363289,344.502223540966,2677.23129365649,1027.97056880049,12651.8444148885,1093.58790467529,285.948624198184,73.8771469467726,321.136772100411,532.855691180779,499.526799384386,10110,16650,24620,36
93079,Villetaneuse,Plaine Commune,3.51092482861182,260.233246957602,341.409305531957,1293.32738651271,2404.69751540162,1529.26949804638,1555.85267362171,2806.71190827498,8591.78409207564,2046.64032191525,5190.08326350608,1355.0605066543,6062.9370122566,769.544412267275,4383.01362483786,910.378975151456,1364.3648446006,253.730009837368,941.748253140021,168.886581623209,1162.41523693819,260.289234475822,4395.85194390859,553.522546033465,96.9363290700282,23.8754472257646,193.433997248229,158.688936668412,195.696351902936,7630,13180,19680,49
94001,Ablon-sur-Seine,Grand-Orly Seine Biävre,0,124.430489912285,492.744740052649,826.240946970207,990.489193654423,557.448594807037,841.150111807047,729.380370082687,3704.09181161417,667.942869849145,2490.6186812464,545.530260518618,2930.61389115729,272.751633887728,2302.47978049903,355.382476770539,340.459815562119,61.7175229964933,247.879032276852,30.8632602887735,380.259577171943,142.357478040708,2362.2019168664,163.252802764918,29.8633175789484,4.97721959649139,54.7494155614053,144.33936829825,113.480606800004,15040,23170,32010,20
94002,Alfortville,Grand Paris Sud Est Avenir,4.16266086489326,1111.14335123015,5850.40640581421,6276.13314811063,6659.67121534115,3480.24419776479,6007.58743818055,6422.22459265277,30170.2587406458,5205.59379572729,20179.2532283609,4785.41171655759,23627.7867426695,2191.56277548349,18259.5718339106,3176.65213327538,3586.54056160351,532.08702912786,2625.28743085211,429.16610162353,2968.25254800582,989.711936863042,18435.9207349448,1880.18933528993,299.16405934281,72.9847536731464,526.906098278822,1177.04928009791,605.894228937141,11550,20840,32510,29
94003,Arcueil,Grand-Orly Seine Biävre,0,462.892158137488,3574.21265941049,2912.22083425467,2874.89967730951,1406.91710915305,3042.5570975727,3443.9818369307,14934.3939615889,3027.33776094095,9485.57369703877,2421.48250360919,11246.49357101,1091.89656846016,8476.20095288503,1678.39604966483,1405.79597990826,241.636228415803,976.623220658016,187.53653083444,1941.34069797423,515.504820960199,9030.83484471748,982.698630658733,122.892531046002,19.8405825642492,294.093768471972,593.261856643628,362.137374806977,12910,22720,34830,25
94004,Boissy-Saint-LÇger,Grand Paris Sud Est Avenir,0,375.949692076148,1114.67497972805,1930.3368197938,3017.44070995061,1554.53501066996,2239.19843871612,2810.47317263303,10902.028664798,2363.70660345373,6653.11609064925,1885.20597069497,8002.38441486594,921.241176512696,5830.86358194492,1250.27965640833,1197.78351027081,296.40480471503,757.098632253876,144.280073301908,1375.99010475722,392.985965484647,6344.44474735594,603.465737626961,148.39390109196,42.9828570337416,130.38323263724,364.845257827475,212.661338844853,11500,19730,29150,29
94011,Bonneuil-sur-Marne,Grand Paris Sud Est Avenir,0,388.459412580277,833.555276968682,1908.95412408863,3372.92135215559,1932.87194442958,2500.59360473458,3173.22321610506,11613.0037129036,2720.73729068607,6804.55910965382,2087.70731256367,8522.67002412737,1136.3523292619,5999.05526424544,1387.26243062002,1557.12722277411,364.792545449214,1004.8152472037,187.519430121196,1461.13033490985,455.075512895518,6608.69102842195,755.462926422875,127.842512050874,33.0015120363864,190.107132545228,216.612356995839,242.214467820276,10100,17270,25450,35
94015,Bry-sur-Marne,Paris Est Marne et Bois,0,473.627678612864,3190.53753512837,2373.62382931835,1797.27807736631,673.735164476172,3041.12451173682,2110.13999301829,10882.9486325113,2175.68182689908,6645.16231884348,2062.10448676872,8430.90590222502,712.035490713446,6317.96369657697,1400.90671493461,768.712324433072,150.421719767388,532.349016775973,85.9415878897125,1420.19889201221,530.426608855362,6818.05499384741,464.479042903467,28.4331603885518,15.00472475748,213.414847851134,492.64847317234,485.05479940264,20940,32620,47070,11
94016,Cachan,Grand-Orly Seine Biävre,3.6383308217756,564.713021225969,5496.85900125835,3693.99523120232,3740.19343884448,1405.28732724224,4182.15655853614,6310.36869636982,21028.3138166856,5571.24103355982,12369.6622212572,3087.41056186861,15068.1119224758,1534.66350465583,11232.5268934879,2300.92152433206,1985.24689383654,371.33205067452,1331.22120668117,282.693636480851,4183.91314131343,609.376812076501,12133.653034725,1251.62948613521,190.008178465616,21.19293212532,364.966432954537,703.476921820731,400.64470479252,14630,25140,38340,21
94017,Champigny-sur-Marne,Paris Est Marne et Bois,3.2978761493629,1976.66016221864,6104.79802891235,9828.19051367706,12304.2392405291,6936.67760841212,11187.1574924357,12443.0168887743,50510.9332268348,10213.7738533757,31251.7395405371,9045.41983292197,37443.4849204767,3908.9199105183,27652.0095075885,5882.55550236994,5314.61194459488,1101.61521517773,3600.40081182238,612.595917594771,5845.14433105449,2045.80301420044,29488.3951332355,2541.19406272383,504.967155682414,177.565431952575,840.140642053406,1774.10277625028,1276.2353906125,11120,19520,29860,31
94018,Charenton-le-Pont,Paris Est Marne et Bois,0,887.440649614556,6363.04530861083,4588.68403516337,3211.20708821874,963.045043487845,4837.19306161397,3644.68759954684,19766.6781051571,3213.92471342132,13329.9008284818,3222.85256325398,15837.6442825145,941.923358023633,12538.739690313,2356.98123417792,1471.36987600378,172.137538410355,1113.85364532049,185.378692272936,2307.48326744105,610.256900602561,12477.0075947715,983.014782713498,103.857859059488,19.5117375272782,309.036321277818,1358.89207559635,829.204272109959,19390,30790,46270,13
94019,Chenneviäres-sur-Marne,Grand Paris Sud Est Avenir,0,524.248904723832,1520.93073390121,2373.30783217588,2767.90270708504,1657.04948353267,3086.76587347105,2584.24225065117,11635.5444428398,2273.28899833634,7143.23114581898,2219.02429868451,8863.13081787273,858.929432300133,6504.74982057431,1499.4515649983,1215.22943785386,238.269402167363,813.358680049009,163.601355637485,1352.66819612766,493.438776553119,6959.79988170078,549.681380660618,169.418175304944,9.60563843933237,148.020134678735,424.338081251835,383.106380666552,13780,22910,33280,23
94021,Chevilly-Larue,Grand-Orly Seine Biävre,0,438.455970414349,1595.25031701889,2386.22970036705,3309.8201738129,1751.97949068697,3129.24394980767,3038.35910715783,12834.5032865829,2321.61751024812,8048.67993350975,2464.20584282509,9508.86506067062,736.539622661248,7141.57518497462,1630.75025303474,1005.67314470025,186.422787532482,707.854995784701,111.395361383064,1517.79716863881,601.105429484488,7782.43107362191,618.113385986458,119.129233675408,37.8858131860848,202.857875169341,594.044874129939,237.416699991731,12340,21340,31100,27
94022,Choisy-le-Roi,Grand-Orly Seine Biävre,0,1222.69525858758,4410.25965544894,6375.88507957797,7246.93501861319,4181.16011517737,5910.67023272065,6873.78509017558,30689.7598628649,5623.73652995956,20238.2103986452,4827.8129342602,23767.8061596701,2322.53132340612,18280.0424974863,3165.23233877765,3698.4589886105,639.948934914761,2630.44961290435,428.06044079139,3157.73805833328,1114.96856130763,18613.804361368,1820.16330946379,372.451788444055,74.8090348150845,479.089052049536,967.838542225531,704.417365241909,10530,19150,28810,32
94028,CrÇteil,Grand Paris Sud Est Avenir,2.93613811947784,2081.63796015898,8664.66279660173,12132.4615276762,15835.1614098028,6353.62684291607,12739.7377803094,15120.4380254588,60721.2659254087,12671.2956549887,37981.384840617,10068.585429803,45296.174762672,4799.39598071016,33625.6930908286,6871.08569113331,6446.03653084119,1208.69184222195,4528.85183695297,708.492851666272,7783.95360218392,2133.18529445781,36034.8503098977,3300.77696984458,505.8156092382,202.544413719709,1119.70961050879,2160.19224428022,1295.0860743553,10950,19300,29450,31
94033,Fontenay-sous-Bois,Paris Est Marne et Bois,0,1241.71765279271,8037.52458915066,6849.25522989797,7287.24690579401,3056.22761268645,8464.82245405767,6932.99151146712,33924.1568123212,6186.42288819418,21602.3875602094,6135.34636391754,26550.5005672916,2159.52444335045,20082.375421764,4308.60070217717,3434.37565226441,661.857957623725,2311.15825951259,461.359435128096,3882.73365003097,1276.35020175842,20812.4093711661,2237.35598742066,233.875891019148,67.3906353564899,421.872606248793,1745.59033398575,932.469626952708,14530,24850,38710,22
94034,Fresnes,Grand-Orly Seine Biävre,3.79525119315201,441.20748034532,2832.73533273432,3986.68235751757,4394.20100895933,1697.07541388325,3650.13063425452,5726.05003917595,19426.2392080253,3755.09109439203,12970.0273855582,2701.12072807513,13448.3398926415,1287.90459181757,10367.8242912382,1792.61100958576,1364.82598494887,282.657106356563,931.071701384779,151.097177207529,1744.8318138156,609.427237938288,11395.2229861767,954.948829132439,188.099366428291,47.8836617591087,341.00972258819,504.076535367104,249.629664119983,14380,23100,33250,22
94037,Gentilly,Grand-Orly Seine Biävre,0,431.098451064074,2675.3643838812,2737.00080777053,2753.9484042417,1288.32531786974,2490.52732866921,2956.8681609765,12944.5711164049,2678.0636035119,8133.24009551126,2133.26741738177,9950.88606635602,1191.502384387,7275.90947195589,1483.47421001313,1415.44442703547,273.886681314791,976.232748228887,165.324997491799,1459.59287293755,394.748372086688,7804.36130618593,941.45392108255,68.4118131098039,36.4530720866703,309.970435891923,559.447333956079,261.692657366527,11690,21120,32360,28
94038,L'Haò-les-Roses,Grand-Orly Seine Biävre,1.14192566308526,650.825769567653,4073.06440887508,3749.58303217843,4372.42640774262,2018.78208919147,5780.58991475089,4450.04942756265,19475.5483566522,3759.4916818419,12025.0740028012,3690.98267200908,14899.1228445557,1345.91931965817,10923.1753626201,2630.02816227738,1881.47377155947,322.102853420513,1341.72938495069,217.641533188265,2373.10629280647,718.591724394136,11950.0852833063,900.688271704533,164.246399722193,42.9665866641445,303.577975788138,771.112787958373,502.595364146315,13500,24010,36490,24
94041,Ivry-sur-Seine,Grand-Orly Seine Biävre,6.28873943719473,1469.67349404597,7719.22099536887,8013.18547962026,9535.82545484364,5330.2452165258,8331.15893652132,11321.9956318135,43767.5737227681,9148.0828415941,28061.9469594952,6557.54392167885,32540.3107781934,3466.60443254363,24564.4702771611,4509.2360684886,5056.46678930855,902.992341329095,3542.17173146985,611.302716509604,5823.13834831852,1248.10636712742,25016.0364273594,2880.93092884012,359.285256998661,116.956457010828,774.620792145355,1881.77685155408,948.381500572844,9360,17660,28390,36
94042,Joinville-le-Pont,Paris Est Marne et Bois,0,661.573781409118,3391.80678133732,2684.43569861122,2411.10361237599,800.627652752626,3556.51553390687,2547.37273454417,12655.8355598356,2233.43511085052,8202.57101552394,2219.82943346111,9913.04151574896,728.052466545794,7657.34068532501,1527.64836387814,1098.32182200526,146.841898918406,810.790673936799,140.689249150057,1475.00692507884,488.534316417288,7756.98980636929,505.207280744343,73.1536334618838,24.4661141838348,224.199318433661,683.202695278643,487.410952193462,18080,29230,44000,15
94043,Le Kremlin-Bicàtre,Grand-Orly Seine Biävre,0,502.029358113871,4305.93350688833,3074.11784904197,3775.60550076622,1366.55239875335,3291.2407278945,4173.41273751487,17185.6395093585,3708.78268584073,10940.4661889309,2536.39063458685,13077.4692051927,1296.59970431218,9975.62636668106,1805.24313419947,1790.39474838189,278.111184031854,1289.25748239107,223.026081958962,2486.92886363418,491.267144367189,10463.8147309595,1192.80831962639,101.884913506146,32.6373048111614,369.847754838454,685.113650583989,291.628147451994,13470,23240,35050,24
94044,Limeil-BrÇvannes,Grand Paris Sud Est Avenir,0,660.179535414123,2054.68567756357,4393.58495557442,4429.66921120353,2345.29377933591,2807.66512970944,4069.57485226842,17590.2234382153,3144.52207035603,12115.9730222394,2329.72834561982,13977.6502675416,1162.27687565391,11180.6241653457,1634.74922654192,1510.87265383505,337.885811352078,1089.95521179058,83.0316306923868,1815.68175435533,536.581297339293,11646.0370272842,844.864429695779,132.291412509586,45.9270353610121,181.028529424344,550.523587311915,382.540103652843,12990,21090,29550,25
94046,Maisons-Alfort,Paris Est Marne et Bois,1.16618014539852,1154.87753134025,9422.90893808046,8359.22679101811,7917.10365457061,2827.78347707477,9854.390184956,7118.01194609577,37432.0779115279,7129.86138864766,24316.9860572006,5985.2304656796,29651.3659891098,2596.43925285606,22950.5862428442,4104.34049340961,2887.3295275925,493.017395458118,2067.55415594146,326.757976192928,4585.19437698465,1462.04927954644,24602.0840299885,2058.85719005056,253.867718396378,98.687933474173,655.428653086084,1591.86461128406,836.787909794417,18200,27650,39230,14
94047,Mandres-les-Roses,Grand Paris Sud Est Avenir,0,154.426690338808,542.984169255808,732.281402574346,546.317502589141,288.927356117769,877.793970179678,696.614305629655,2978.88680948161,565.325662304358,1774.62234623694,638.93880094031,2250.98890368398,223.838141736943,1622.31543127682,404.835330670218,186.974996301228,44.5039206983282,121.548749815061,20.9223257878384,330.772007693446,170.488884505159,1868.73886669626,117.563544903092,13.9482171918923,0.996301227992307,55.7928687675692,105.607930167185,113.578339991123,20020,28610,39570,11
94048,Marolles-en-Brie,Grand Paris Sud Est Avenir,10,135,705,555,515,270,1065,770,3165,655,1708,802,2323,226,1586,511,171,33,107,31,421,232,1885,104,4,7,86,142,162,23940,33460,45440,7
94052,Nogent-sur-Marne,Paris Est Marne et Bois,3.17502610956497,954.465835370833,7449.3085315072,4282.32139299159,3298.85578065058,1009.37043170703,5940.31787992531,3868.54447287548,21053.9822916493,3394.35582473384,13970.218821947,3689.40764496846,16837.4743798669,1036.4804981818,13144.0695925528,2656.92428913235,1578.66468776572,227.585151796794,1139.6284877231,211.451048245829,2334.26076527448,748.760212097578,13385.556562057,908.495769448918,108.197615626223,16.6714672890325,285.648729222246,1277.99487226528,901.701169188397,21730,34810,51940,11
94053,Noiseau,Grand Paris Sud Est Avenir,15,135,505,720,595,305,955,575,2993,568,1798,627,2302,191,1687,424,167,47,100,20,372,166,1891,112,10,6,42,132,118,20490,29190,39370,8
94054,Orly,Grand-Orly Seine Biävre,0,466.425654767875,1167.68514699854,2690.29255284649,4047.84197417224,2540.45132044472,3023.29249499534,4043.35938486127,15155.4145096656,3024.09031723243,9569.17696661382,2562.14722581935,11049.5456610646,1147.00830426251,8293.86655333705,1608.67080346506,1783.0616122887,357.183047658675,1281.55760775175,144.320956878273,1738.0035010109,611.178134472977,8752.77677773727,793.750365670238,142.727536122038,29.0263596173954,176.201596706319,405.787625455911,253.296145054074,9870,17300,25560,36
94055,Ormesson-sur-Marne,Grand Paris Sud Est Avenir,5.14855803823116,524.103681104388,1142.54224028939,1294.84046703769,1196.72129681416,678.666692988049,2447.18435295999,1262.89351667627,6425.6025156652,1229.91510245776,3787.58437721599,1408.10303599144,4844.7757988613,431.768544141318,3566.30621019692,846.701044523053,420.723909806848,103.325778895478,249.47139507514,67.9267358362293,779.304299220606,426.212485209765,3858.70485843822,208.108011701944,33.127839227598,9.01035862085502,86.4447214501499,310.276536504936,332.45840608905,21310,29890,40770,8
94056,PÇrigny,Grand Paris Sud Est Avenir,5.03159663488977,100.424088355032,331.244520687777,446.614614866593,416.643138472555,160.635329976582,387.393931816141,295.697395204467,1799.78536650603,371.016453138186,1144.21993141463,284.548981953213,1396.38860678642,121.398640019339,1093.02623005951,181.963736707566,107.381421056202,31.0831604823159,60.2129737246823,16.085286849204,239.590251444803,82.4766667374305,1135.42427932501,72.274957245798,8.03472832320528,3.01499458036547,34.121838134554,94.3506146678548,66.2844421660346,21490,30150,39510,9
94058,Le Perreux-sur-Marne,Paris Est Marne et Bois,1.00787975005367,1058.38312791554,6691.60420595162,4988.28647382591,3468.03738255108,1405.58100907909,6182.86498378613,3756.15131199644,21763.7475350923,3462.9920559983,14082.1768181305,4218.57866096357,17524.6044894938,1111.86101670101,13304.6940375025,3108.04943529035,1614.0807519811,227.521144310215,1122.69118735688,263.868420314002,2316.29339240336,854.54703339889,14100.7390893618,930.111515809692,118.580147505142,33.8731244449795,400.32453401921,1125.97953292285,908.105510539831,20630,32010,46120,12
94059,Le Plessis-TrÇvise,Grand Paris Sud Est Avenir,0,583.55111133699,2036.81865227325,2748.75350907573,2969.1755413381,1489.12403582867,3761.24595686925,2358.75659193736,12480.4251171052,2259.65597740245,8233.69323062048,1987.07590908229,9849.16594008407,809.958855461147,7712.16263075666,1327.04445386625,898.198985325736,191.893493371737,613.483987622189,92.8215043318094,1400.95408430831,539.298546320669,8170.73425192285,397.617170901959,73.4994152935592,48.3726989032721,176.578418195541,487.787947921326,395.706564052275,16960,26140,36960,16
94060,La Queue-en-Brie,Grand Paris Sud Est Avenir,0,290.38421546066,973.90016523316,1636.92050740909,1950.82607212515,1052.34008458359,1648.01855768747,1561.74111747245,7710.26035792355,1463.53379338795,4965.09781168767,1281.62875284793,5926.56127893897,533.1203072344,4609.82686393234,783.614107772229,582.329795217734,112.34943074245,415.407352210429,54.5730122648552,907.887768010667,358.172924905574,4908.21480344436,328.358779951804,65.4061524431596,24.8324569866471,89.4723711242784,263.763299522067,214.52340760942,16670,24220,33270,17
94065,Rungis,Grand-Orly Seine Biävre,0,117.335508693205,877.522907755727,1060.87572690219,791.324851126266,274.279627736522,1027.0859614514,547.551080822201,3904.57786617438,706.501097301267,2320.95384779045,877.122921082669,3078.74310926628,247.942664646028,2231.48921122194,599.311233398309,226.365883025042,43.5532643713994,143.875066414767,38.9375522388755,460.789852408688,249.097643531392,2637.04963636139,149.023501935579,16.2579106864907,5.03644641741358,70.9976072688299,133.702027085205,116.972597467384,21730,31160,42120,9
94067,Saint-MandÇ,Paris Est Marne et Bois,0,880.827831475005,5413.86120020676,2941.11075921797,1865.27118262889,437.233542641498,3951.35518935164,2813.45041137478,14261.7364673377,2358.756804354,9431.07930661345,2471.90035637025,11298.9210974991,633.755726121653,8771.59989656486,1893.56547481264,1031.04602409862,84.9388148608242,747.93068313906,198.176526098741,1756.29183542348,393.888062231105,8329.70912132239,791.869223251424,46.2603535929331,10.3028439363023,255.363515404051,1176.22244986926,1048.04385463132,23050,38260,58960,10
94068,Saint-Maur-des-FossÇs,Paris Est Marne et Bois,5.18344985822862,2551.20697925363,14711.2615157112,9959.06628999466,7576.67442678132,2741.7685809195,15758.9186037513,9702.74703952495,47849.6018981067,9121.03236645793,29274.1006605633,9454.46887108551,36912.1622155116,2575.25077748023,27565.7434760167,6771.16796201468,3045.0195889795,477.691730569795,2083.53756944685,483.790288962858,6565.2999946524,2079.01785604787,29342.6153048308,2078.67216956856,221.957312071563,91.7222525383958,654.56212180708,3003.71529462326,2404.53598442117,21680,33490,50270,11
94069,Saint-Maurice,Paris Est Marne et Bois,0,428.893362238899,2720.25722034879,1945.94468625263,1785.58407223338,491.893884056477,2221.9072200896,1859.54020764883,9314.27862603493,1449.04749933451,6236.11757722919,1629.11354947124,7382.39008430263,528.154968495598,5702.2831571699,1151.95195863714,836.292614039008,107.572453264301,634.026796808823,94.6933639658849,887.810465722034,264.29436219938,5742.22566204749,480.716698276496,56.8199204642697,16.3198318838698,143.469433373669,569.867006524618,365.467239295043,18210,28880,44060,14
94070,Santeny,Grand Paris Sud Est Avenir,0,219.938073034162,386.973635368424,617.23663408892,516.418125288172,172.990707017439,829.64663053009,580.099871854884,2525.1721205795,500.18765874451,1505.23350075901,519.750961075978,1901.44559952788,160.76725531385,1395.1224495369,345.55589467713,163.861280410304,31.0453887226867,110.10023237881,22.7156593088071,326.606179195088,136.176209474759,1446.80390573743,79.402635352641,17.2348365750512,13.8924115542209,48.0121637019146,132.047499112639,190.242444156628,21290,31500,46320,9
94071,Sucy-en-Brie,Grand Paris Sud Est Avenir,0,752.59857811019,3550.91041213018,3426.17535719833,3264.51896818485,1662.12489750703,5600.90046469244,3757.02771859779,16924.30344328,3427.64480390195,9966.5793279436,3530.07931143442,12633.141973867,1157.39602199174,9132.34061009975,2343.40534177551,1254.19795226479,293.988499579273,767.989780515519,192.219672170001,2186.02136266443,945.557787510274,10422.2863910176,692.038815794941,93.6041627505744,30.1329725710339,272.205966608188,633.638412791798,520.582677886232,17710,27780,39670,16
94073,Thiais,Grand-Orly Seine Biävre,0,683.591646070775,3448.35907501725,4269.16491418959,4351.09523159799,2227.6788636413,5207.3756129878,4112.00378725608,19544.4268351296,3505.98446816518,12203.3200970459,3835.12226991851,14932.8373269871,1261.86110032683,11217.889326739,2453.08689992123,1651.3512896805,259.568784554913,1171.92694995079,219.855555174798,2086.40440573335,1011.54242282759,12431.5074897497,946.579990489557,161.511089165132,58.3158774996813,304.715857386043,617.002986238198,478.624324043111,14550,23900,34720,22
94074,Valenton,Grand-Orly Seine Biävre,0,312.442149626372,575.128259800066,1495.51966237416,2521.96509245983,1815.57718117783,1658.7053822033,2771.07995839563,9610.00078298796,2108.07309361226,5902.83211078134,1599.09557859436,6866.70352500747,843.029594443644,4990.61848546394,1033.05544509988,1330.17323285964,271.765800075117,942.181604259624,116.225828524902,1114.92868649635,314.067741861149,5113.95331674563,580.077115040087,115.737305075415,24.8085327199544,145.63939709164,260.522148259709,192.625377055794,8820,15100,22840,43
94075,Villecresnes,Grand Paris Sud Est Avenir,4.71422538714638,424.280284843174,1121.98564214084,1588.69395546833,1367.12536227245,815.560991976325,2201.80526924087,1191.2826523103,6781.28398441199,1240.78412189693,4183.23669201806,1357.263170497,5276.2259012614,478.965299334073,3941.09242365438,856.168178272947,458.222707630629,94.2845077429277,296.053354312793,67.8848455749079,715.619413768822,396.669829600134,4290.00995027037,263.996621680198,33.9424227874539,7.54276061943421,102.770113439791,313.96741078395,280.024987996495,19170,27360,37170,11
94076,Villejuif,Grand-Orly Seine Biävre,3.52350502240138,1319.0462432932,6116.12043264234,7111.89703934292,8445.09091623361,3573.65310901363,8613.40433499088,9788.14242289669,36837.3766919639,7685.24700486458,22851.6099583636,6300.51972873573,26748.3427397186,2702.49393760737,19921.5827364984,4124.26606561282,4053.7287150728,708.721271826759,2813.08354716039,531.92389608565,4984.23267888793,1547.34096042292,20915.2744293218,2125.67205695343,237.258801766946,107.38256915544,683.423844646372,1382.8828099508,725.803006574095,11220,20000,30910,30
94077,Villeneuve-le-Roi,Grand-Orly Seine Biävre,7.17474888246006,602.432231710379,1382.94722577265,2597.56149017784,3142.89887322747,2512.49139623121,3454.79332181716,2942.96066217855,13486.822881429,2670.98364506341,8542.02593491576,2273.81330144981,10307.9985077254,1083.93069571213,7772.64482153236,1451.42299048096,1385.2494004877,287.288621417901,929.944413763894,168.016365305906,1458.53614332027,607.928670343584,8149.25926733461,638.593938089931,88.1518027929225,15.3992283735145,245.761497433494,503.792640212758,352.160532190882,12910,20890,29470,25
94078,Villeneuve-Saint-Georges,Grand-Orly Seine Biävre,0,798.440569934627,1105.59113837124,2938.52594174634,6170.82352387084,4593.6358470479,3914.73853409756,6783.55765587857,22637.9257353929,5061.50552086573,14137.8619687388,3438.55824578833,16003.449453096,2137.56141351023,11804.2593139976,2061.62872558815,2847.22160062561,535.14107958336,2010.14822370793,301.932297334316,2615.16251314765,783.616169094895,12264.9875558814,1477.97893615324,322.176700817316,66.7740499145485,425.457175071597,539.957112548297,427.417944719074,7580,13930,22120,47
94079,Villiers-sur-Marne,Paris Est Marne et Bois,2.02905675919819,578.070983102303,3289.23477025295,3750.38737794022,4158.45745415358,2256.71472225668,4991.68682262455,4280.08761694016,19024.3670984615,3788.41974436456,11828.8840081256,3407.06334597134,14068.0542308275,1405.42835255299,10515.0724036177,2147.55347465679,1278.35373990385,277.150881186694,834.783953346425,166.418905370732,2331.20376126024,984.935703151174,12044.6242830765,770.347276440993,135.486051141639,106.473704864128,387.714211886056,545.414865728556,348.897984879192,13190,22910,33910,25
94080,Vincennes,Paris Est Marne et Bois,0.937577489277884,1346.41529345899,14398.3141482422,6738.634567699,4261.47260769487,1388.65137807091,7759.23991847198,5248.23373856402,33498.7011798092,5133.54614435102,23359.5845325108,5005.57050294736,27839.8947656567,1683.6306798666,22339.6888474951,3816.57523829498,2383.75283051036,308.783435862362,1743.11816727628,331.851227371715,3529.90487818112,917.722270123312,22200.422221961,1791.90229098739,148.805102989034,52.2993265696869,598.174397062597,2332.62827949054,1366.43575636495,23050,36620,53850,11
94081,Vitry-sur-Seine,Grand-Orly Seine Biävre,16.0306327372042,2463.06648523218,6764.10645551126,10626.0236805731,15139.8056299098,9693.61391133515,13283.2339028619,16806.5221563024,62149.933841883,12346.2081660129,39047.6146937455,10756.1109821246,45067.0438594158,4533.76088202694,33629.8172097837,6903.46576760517,7143.15509163212,1172.53508803151,5021.46860274166,949.151400858956,7637.90886652668,2418.1532568918,35091.5569201225,3353.1314489114,600.603244784518,144.329019819307,944.031619427015,2120.68646320285,1332.79342541147,10010,17560,27030,35
95018,Argenteuil,Boucle Nord de Seine,7.40287775003092,2817.01585303624,7917.93146012068,13206.996657626,16823.5767746947,11494.5376366168,14219.0442728715,18147.3935705554,71419.6360676744,13745.444342384,45825.2145790058,11848.9771462847,52977.8767354614,5480.91466385819,39966.1843095086,7530.77776209462,9042.95606655162,1695.4208635228,6314.81194596867,1032.72325706015,7618.38564942887,2691.60308073495,40709.9680601102,3667.67666437985,795.198194262317,167.219052804497,1331.73126926375,2247.04029223871,1519.6732589679,9500,17170,26680,37
